Pop,Group,Shape,Fill,Color,Size,Transparency
Abazin.HO,modern,16,gray,gray,1,0.8
Abkhasian.HO,modern,16,gray,gray,1,0.8
Adygei.DG,modern,16,gray,gray,1,0.8
Adygei.HO,modern,16,gray,gray,1,0.8
Albanian.DG,modern,16,gray,gray,1,0.8
Albanian.HO,modern,16,gray,gray,1,0.8
Aleut.DG,modern,16,gray,gray,1,0.8
Aleut.HO,modern,16,gray,gray,1,0.8
Altaian.DG,modern,16,gray,gray,1,0.8
Altaian.HO,modern,16,gray,gray,1,0.8
Ami.DG,modern,16,gray,gray,1,0.8
Ami.HO,modern,16,gray,gray,1,0.8
Armenian_Hemsheni.HO,modern,16,gray,gray,1,0.8
Armenian.DG,modern,16,gray,gray,1,0.8
Armenian.HO,modern,16,gray,gray,1,0.8
Atayal.DG,modern,16,gray,gray,1,0.8
Atayal.HO,modern,16,gray,gray,1,0.8
Avar.HO,modern,16,gray,gray,1,0.8
Azeri.HO,modern,16,gray,gray,1,0.8
Balkar.HO,modern,16,gray,gray,1,0.8
Bashkir.HO,modern,16,gray,gray,1,0.8
Basque.DG,modern,16,gray,gray,1,0.8
Basque.HO,modern,16,gray,gray,1,0.8
Belarusian.HO,modern,16,gray,gray,1,0.8
Besermyan.HO,modern,16,gray,gray,1,0.8
Bulgarian.DG,modern,16,gray,gray,1,0.8
Bulgarian.HO,modern,16,gray,gray,1,0.8
Buryat.HO,modern,16,gray,gray,1,0.8
Cambodian.DG,modern,16,gray,gray,1,0.8
Cambodian.HO,modern,16,gray,gray,1,0.8
Chechen.DG,modern,16,gray,gray,1,0.8
Chechen.HO,modern,16,gray,gray,1,0.8
Chukchi.DG,modern,16,gray,gray,1,0.8
Chukchi.HO,modern,16,gray,gray,1,0.8
Chuvash.HO,modern,16,gray,gray,1,0.8
Circassian.HO,modern,16,gray,gray,1,0.8
Croatian.HO,modern,16,gray,gray,1,0.8
Cypriot.HO,modern,16,gray,gray,1,0.8
Czech.DG,modern,16,gray,gray,1,0.8
Czech.HO,modern,16,gray,gray,1,0.8
Dai.DG,modern,16,gray,gray,1,0.8
Dai.HO,modern,16,gray,gray,1,0.8
Darginian.HO,modern,16,gray,gray,1,0.8
Daur.DG,modern,16,gray,gray,1,0.8
Daur.HO,modern,16,gray,gray,1,0.8
Dolgan.HO,modern,16,gray,gray,1,0.8
Dungan.HO,modern,16,gray,gray,1,0.8
earlyXiongnu,earlyXiongnu,15,red,black,2,1
Enets.HO,modern,16,gray,gray,1,0.8
English.DG,modern,16,gray,gray,1,0.8
English.HO,modern,16,gray,gray,1,0.8
Eskimo_ChaplinSireniki.HO,modern,16,gray,gray,1,0.8
Eskimo_Naukan.DG,modern,16,gray,gray,1,0.8
Eskimo_Naukan.HO,modern,16,gray,gray,1,0.8
Estonian.DG,modern,16,gray,gray,1,0.8
Estonian.HO,modern,16,gray,gray,1,0.8
Even.DG,modern,16,gray,gray,1,0.8
Even.HO,modern,16,gray,gray,1,0.8
Evenk_FarEast.HO,modern,16,gray,gray,1,0.8
Evenk_Transbaikal.HO,modern,16,gray,gray,1,0.8
Ezid.HO,modern,16,gray,gray,1,0.8
Finnish.DG,modern,16,gray,gray,1,0.8
Finnish.HO,modern,16,gray,gray,1,0.8
French.DG,modern,16,gray,gray,1,0.8
French.HO,modern,16,gray,gray,1,0.8
Gagauz.HO,modern,16,gray,gray,1,0.8
Georgian.DG,modern,16,gray,gray,1,0.8
Georgian.HO,modern,16,gray,gray,1,0.8
Greek.HO,modern,16,gray,gray,1,0.8
Han.DG,modern,16,gray,gray,1,0.8
Han.HO,modern,16,gray,gray,1,0.8
Hezhen.DG,modern,16,gray,gray,1,0.8
Hezhen.HO,modern,16,gray,gray,1,0.8
Hungarian.DG,modern,16,gray,gray,1,0.8
Hungarian.HO,modern,16,gray,gray,1,0.8
Icelandic.DG,modern,16,gray,gray,1,0.8
Icelandic.HO,modern,16,gray,gray,1,0.8
Ingushian.HO,modern,16,gray,gray,1,0.8
Italian_North.DG,modern,16,gray,gray,1,0.8
Italian_North.HO,modern,16,gray,gray,1,0.8
Italian_South.HO,modern,16,gray,gray,1,0.8
Itelmen.DG,modern,16,gray,gray,1,0.8
Itelmen.HO,modern,16,gray,gray,1,0.8
Japanese.DG,modern,16,gray,gray,1,0.8
Japanese.HO,modern,16,gray,gray,1,0.8
Jew_Ashkenazi.HO,modern,16,gray,gray,1,0.8
Jew_Georgian.HO,modern,16,gray,gray,1,0.8
Kabardinian.HO,modern,16,gray,gray,1,0.8
Kaitag.HO,modern,16,gray,gray,1,0.8
Kalmyk.HO,modern,16,gray,gray,1,0.8
Karachai.HO,modern,16,gray,gray,1,0.8
Karakalpak.HO,modern,16,gray,gray,1,0.8
Karelian.HO,modern,16,gray,gray,1,0.8
Kazakh.HO,modern,16,gray,gray,1,0.8
Ket.HO,modern,16,gray,gray,1,0.8
Khakass.HO,modern,16,gray,gray,1,0.8
Khamnegan.HO,modern,16,gray,gray,1,0.8
Kinh.DG,modern,16,gray,gray,1,0.8
Kinh.HO,modern,16,gray,gray,1,0.8
Korean.DG,modern,16,gray,gray,1,0.8
Korean.HO,modern,16,gray,gray,1,0.8
Koryak.HO,modern,16,gray,gray,1,0.8
Kubachinian.HO,modern,16,gray,gray,1,0.8
Kumyk.HO,modern,16,gray,gray,1,0.8
Kurd.HO,modern,16,gray,gray,1,0.8
Kyrgyz_Kyrgyzstan.DG,modern,16,gray,gray,1,0.8
Kyrgyz_Kyrgyzstan.HO,modern,16,gray,gray,1,0.8
Lak.HO,modern,16,gray,gray,1,0.8
lateXiongnu,lateXiongnu,15,red,black,2,1
Lezgin.DG,modern,16,gray,gray,1,0.8
Lezgin.HO,modern,16,gray,gray,1,0.8
Lithuanian.HO,modern,16,gray,gray,1,0.8
Maltese.HO,modern,16,gray,gray,1,0.8
Mansi.DG,modern,16,gray,gray,1,0.8
Mansi.HO,modern,16,gray,gray,1,0.8
Miao.DG,modern,16,gray,gray,1,0.8
Miao.HO,modern,16,gray,gray,1,0.8
Moldavian.HO,modern,16,gray,gray,1,0.8
Mongol.HO,modern,16,gray,gray,1,0.8
Mongola.DG,modern,16,gray,gray,1,0.8
Mongola.HO,modern,16,gray,gray,1,0.8
Mongolia_EIA_SlabGrave_1,Mongolia_EIA_SlabGrave_1,15,red,black,2,1
Mongolia_LBA_Ulaanzukh_2,Mongolia_LBA_Ulaanzukh_2,15,red,black,2,1
Mordovian.HO,modern,16,gray,gray,1,0.8
Nanai.HO,modern,16,gray,gray,1,0.8
Naxi.DG,modern,16,gray,gray,1,0.8
Naxi.HO,modern,16,gray,gray,1,0.8
Negidal.HO,modern,16,gray,gray,1,0.8
Nganasan.HO,modern,16,gray,gray,1,0.8
Nivh.HO,modern,16,gray,gray,1,0.8
Nogai_Astrakhan.HO,modern,16,gray,gray,1,0.8
Norwegian.DG,modern,16,gray,gray,1,0.8
Norwegian.HO,modern,16,gray,gray,1,0.8
Orcadian.DG,modern,16,gray,gray,1,0.8
Orcadian.HO,modern,16,gray,gray,1,0.8
Oroqen.DG,modern,16,gray,gray,1,0.8
Oroqen.HO,modern,16,gray,gray,1,0.8
Ossetian.HO,modern,16,gray,gray,1,0.8
Polish.DG,modern,16,gray,gray,1,0.8
Romanian.HO,modern,16,gray,gray,1,0.8
Russian_Archangelsk_Krasnoborsky.HO,modern,16,gray,gray,1,0.8
Russian_Archangelsk_Leshukonsky.HO,modern,16,gray,gray,1,0.8
Russian_Archangelsk_Pinezhsky.HO,modern,16,gray,gray,1,0.8
Russian.DG,modern,16,gray,gray,1,0.8
Russian.HO,modern,16,gray,gray,1,0.8
Saami.DG,modern,16,gray,gray,1,0.8
Sardinian.DG,modern,16,gray,gray,1,0.8
Sardinian.HO,modern,16,gray,gray,1,0.8
SBB001.A0101,SBB001.A0101,15,red,black,2,1
SBB002.A0101,SBB002.A0101,15,red,black,2,1
SBB003.A0101,SBB003.A0101,15,red,black,2,1
SBB004.A0101,SBB004.A0101,15,red,black,2,1
SBB005.A0101,SBB005.A0101,15,red,black,2,1
SBB006.A0101,SBB006.A0101,15,red,black,2,1
SBB007.A0101,SBB007.A0101,15,red,black,2,1
SBB008.A0101,SBB008.A0101,15,red,black,2,1
SBB009.A0101,SBB009.A0101,15,red,black,2,1
SBB010.A0101,SBB010.A0101,15,red,black,2,1
Scottish.HO,modern,16,gray,gray,1,0.8
Selkup.HO,modern,16,gray,gray,1,0.8
She.DG,modern,16,gray,gray,1,0.8
She.HO,modern,16,gray,gray,1,0.8
Sherpa.HO,modern,16,gray,gray,1,0.8
Shor_Khakassia.HO,modern,16,gray,gray,1,0.8
Shor_Mountain.HO,modern,16,gray,gray,1,0.8
Sicilian.HO,modern,16,gray,gray,1,0.8
Spanish_North.HO,modern,16,gray,gray,1,0.8
Spanish.DG,modern,16,gray,gray,1,0.8
Spanish.HO,modern,16,gray,gray,1,0.8
Tabasaran.HO,modern,16,gray,gray,1,0.8
Tajik.DG,modern,16,gray,gray,1,0.8
Tajik.HO,modern,16,gray,gray,1,0.8
TAK002.A0101,TAK002.A0101,15,red,black,2,1
TAK003.A0101,TAK003.A0101,15,red,black,2,1
TAK004.A0101,TAK004.A0101,15,red,black,2,1
TAK005.A0101,TAK005.A0101,15,red,black,2,1
TAK006.A0101,TAK006.A0101,15,red,black,2,1
TAK008.A0101,TAK008.A0101,15,red,black,2,1
TAK009.A0101,TAK009.A0101,15,red,black,2,1
Tatar_Kazan.HO,modern,16,gray,gray,1,0.8
Tatar_Mishar.HO,modern,16,gray,gray,1,0.8
Tatar_Siberian_Zabolotniye.HO,modern,16,gray,gray,1,0.8
Tatar_Siberian.HO,modern,16,gray,gray,1,0.8
Thai.DG,modern,16,gray,gray,1,0.8
Thai.HO,modern,16,gray,gray,1,0.8
Tibetan.HO,modern,16,gray,gray,1,0.8
Todzin.HO,modern,16,gray,gray,1,0.8
Tofalar.HO,modern,16,gray,gray,1,0.8
Tu.DG,modern,16,gray,gray,1,0.8
Tu.HO,modern,16,gray,gray,1,0.8
Tubalar.DG,modern,16,gray,gray,1,0.8
Tubalar.HO,modern,16,gray,gray,1,0.8
Tujia.DG,modern,16,gray,gray,1,0.8
Tujia.HO,modern,16,gray,gray,1,0.8
Turkish_Balikesir.HO,modern,16,gray,gray,1,0.8
Turkish.DG,modern,16,gray,gray,1,0.8
Turkish.HO,modern,16,gray,gray,1,0.8
Turkmen.HO,modern,16,gray,gray,1,0.8
Tuvinian.HO,modern,16,gray,gray,1,0.8
Udmurt.HO,modern,16,gray,gray,1,0.8
Ukrainian.HO,modern,16,gray,gray,1,0.8
Ulchi.DG,modern,16,gray,gray,1,0.8
Ulchi.HO,modern,16,gray,gray,1,0.8
Uyghur.DG,modern,16,gray,gray,1,0.8
Uyghur.HO,modern,16,gray,gray,1,0.8
Uzbek.HO,modern,16,gray,gray,1,0.8
Veps.HO,modern,16,gray,gray,1,0.8
Xibo.DG,modern,16,gray,gray,1,0.8
Xibo.HO,modern,16,gray,gray,1,0.8
Yakut.DG,modern,16,gray,gray,1,0.8
Yakut.HO,modern,16,gray,gray,1,0.8
Yi.DG,modern,16,gray,gray,1,0.8
Yi.HO,modern,16,gray,gray,1,0.8
