Pop,Group,Shape,Fill,Color,Transparency,Size
Abazin.HO,modern,16,Grey,Grey,0.8,1.5
Abkhasian.HO,modern,16,Grey,Grey,0.8,1.5
Adygei.DG,modern,16,Grey,Grey,0.8,1.5
Adygei.HO,modern,16,Grey,Grey,0.8,1.5
Albanian.DG,modern,16,Grey,Grey,0.8,1.5
Albanian.HO,modern,16,Grey,Grey,0.8,1.5
Aleut.DG,modern,16,Grey,Grey,0.8,1.5
Aleut.HO,modern,16,Grey,Grey,0.8,1.5
Altaian.DG,modern,16,Grey,Grey,0.8,1.5
Altaian.HO,modern,16,Grey,Grey,0.8,1.5
Altaian.SG,modern,16,Grey,Grey,0.8,1.5
Ami.DG,modern,16,Grey,Grey,0.8,1.5
Ami.HO,modern,16,Grey,Grey,0.8,1.5
Armenian.DG,modern,16,Grey,Grey,0.8,1.5
Armenian_Hemsheni.HO,modern,16,Grey,Grey,0.8,1.5
Armenian.HO,modern,16,Grey,Grey,0.8,1.5
Armenian.WGA.HO,modern,16,Grey,Grey,0.8,1.5
Atayal.DG,modern,16,Grey,Grey,0.8,1.5
Atayal.HO,modern,16,Grey,Grey,0.8,1.5
Avar.HO,modern,16,Grey,Grey,0.8,1.5
Avar.SG,modern,16,Grey,Grey,0.8,1.5
Azeri.HO,modern,16,Grey,Grey,0.8,1.5
Azeri.WGA.HO,modern,16,Grey,Grey,0.8,1.5
Balkar.HO,modern,16,Grey,Grey,0.8,1.5
Bashkir.HO,modern,16,Grey,Grey,0.8,1.5
Bashkir.SG,modern,16,Grey,Grey,0.8,1.5
Basque.DG,modern,16,Grey,Grey,0.8,1.5
Basque.HO,modern,16,Grey,Grey,0.8,1.5
Belarusian.HO,modern,16,Grey,Grey,0.8,1.5
Besermyan.HO,modern,16,Grey,Grey,0.8,1.5
Bulgarian.DG,modern,16,Grey,Grey,0.8,1.5
Bulgarian.HO,modern,16,Grey,Grey,0.8,1.5
Buryat.HO,modern,16,Grey,Grey,0.8,1.5
Buryat.SG,modern,16,Grey,Grey,0.8,1.5
Cambodian.DG,modern,16,Grey,Grey,0.8,1.5
Cambodian.HO,modern,16,Grey,Grey,0.8,1.5
Chechen.DG,modern,16,Grey,Grey,0.8,1.5
Chechen.HO,modern,16,Grey,Grey,0.8,1.5
Chukchi.DG,modern,16,Grey,Grey,0.8,1.5
Chukchi.HO,modern,16,Grey,Grey,0.8,1.5
Chuvash.HO,modern,16,Grey,Grey,0.8,1.5
Circassian.HO,modern,16,Grey,Grey,0.8,1.5
Croatian.HO,modern,16,Grey,Grey,0.8,1.5
Cypriot.HO,modern,16,Grey,Grey,0.8,1.5
Czech.DG,modern,16,Grey,Grey,0.8,1.5
Czech.HO,modern,16,Grey,Grey,0.8,1.5
Dai.DG,modern,16,Grey,Grey,0.8,1.5
Dai.HO,modern,16,Grey,Grey,0.8,1.5
Darginian.HO,modern,16,Grey,Grey,0.8,1.5
Daur.DG,modern,16,Grey,Grey,0.8,1.5
Daur.HO,modern,16,Grey,Grey,0.8,1.5
Dolgan.HO,modern,16,Grey,Grey,0.8,1.5
Dungan.HO,modern,16,Grey,Grey,0.8,1.5
Dungan.SG,modern,16,Grey,Grey,0.8,1.5
earlyXiongnu,earlyXiongnu,23,White,Black,1,1.5
Enets.HO,modern,16,Grey,Grey,0.8,1.5
English.DG,modern,16,Grey,Grey,0.8,1.5
English.HO,modern,16,Grey,Grey,0.8,1.5
Eskimo_ChaplinSireniki.HO,modern,16,Grey,Grey,0.8,1.5
Eskimo_Naukan.DG,modern,16,Grey,Grey,0.8,1.5
Eskimo_Naukan.HO,modern,16,Grey,Grey,0.8,1.5
Estonian.DG,modern,16,Grey,Grey,0.8,1.5
Estonian.HO,modern,16,Grey,Grey,0.8,1.5
Even.DG,modern,16,Grey,Grey,0.8,1.5
Even.HO,modern,16,Grey,Grey,0.8,1.5
Evenk_FarEast.HO,modern,16,Grey,Grey,0.8,1.5
Evenk_Transbaikal.HO,modern,16,Grey,Grey,0.8,1.5
Ezid.HO,modern,16,Grey,Grey,0.8,1.5
Finnish.DG,modern,16,Grey,Grey,0.8,1.5
Finnish.HO,modern,16,Grey,Grey,0.8,1.5
French.DG,modern,16,Grey,Grey,0.8,1.5
French.HO,modern,16,Grey,Grey,0.8,1.5
Gagauz.HO,modern,16,Grey,Grey,0.8,1.5
Georgian.DG,modern,16,Grey,Grey,0.8,1.5
Georgian.HO,modern,16,Grey,Grey,0.8,1.5
Georgian.WGA.HO,modern,16,Grey,Grey,0.8,1.5
Greek.HO,modern,16,Grey,Grey,0.8,1.5
Greek.WGA.HO,modern,16,Grey,Grey,0.8,1.5
Han.DG,modern,16,Grey,Grey,0.8,1.5
Han.HO,modern,16,Grey,Grey,0.8,1.5
Hezhen.DG,modern,16,Grey,Grey,0.8,1.5
Hezhen.HO,modern,16,Grey,Grey,0.8,1.5
Hungarian.DG,modern,16,Grey,Grey,0.8,1.5
Hungarian.HO,modern,16,Grey,Grey,0.8,1.5
Icelandic.DG,modern,16,Grey,Grey,0.8,1.5
Icelandic.HO,modern,16,Grey,Grey,0.8,1.5
Ingushian.HO,modern,16,Grey,Grey,0.8,1.5
Italian_North.DG,modern,16,Grey,Grey,0.8,1.5
Italian_North.HO,modern,16,Grey,Grey,0.8,1.5
Italian_South.HO,modern,16,Grey,Grey,0.8,1.5
Itelmen.DG,modern,16,Grey,Grey,0.8,1.5
Itelmen.HO,modern,16,Grey,Grey,0.8,1.5
Japanese.DG,modern,16,Grey,Grey,0.8,1.5
Japanese.HO,modern,16,Grey,Grey,0.8,1.5
Jew_Ashkenazi.HO,modern,16,Grey,Grey,0.8,1.5
Jew_Georgian.HO,modern,16,Grey,Grey,0.8,1.5
Kabardinian.HO,modern,16,Grey,Grey,0.8,1.5
Kaitag.HO,modern,16,Grey,Grey,0.8,1.5
Kalmyk.HO,modern,16,Grey,Grey,0.8,1.5
Kalmyk.SG,modern,16,Grey,Grey,0.8,1.5
Karachai.HO,modern,16,Grey,Grey,0.8,1.5
Karakalpak.HO,modern,16,Grey,Grey,0.8,1.5
Karakalpak.SG,modern,16,Grey,Grey,0.8,1.5
Karelian.HO,modern,16,Grey,Grey,0.8,1.5
Kazakh.HO,modern,16,Grey,Grey,0.8,1.5
Kazakh.SG,modern,16,Grey,Grey,0.8,1.5
Ket.HO,modern,16,Grey,Grey,0.8,1.5
Khakass.HO,modern,16,Red,Red,0.8,1.5
Khamnegan.HO,modern,16,Grey,Grey,0.8,1.5
Kinh.DG,modern,16,Grey,Grey,0.8,1.5
Kinh.HO,modern,16,Grey,Grey,0.8,1.5
Korean.DG,modern,16,Grey,Grey,0.8,1.5
Korean.HO,modern,16,Grey,Grey,0.8,1.5
Koryak.HO,modern,16,Grey,Grey,0.8,1.5
Koryak.SG,modern,16,Grey,Grey,0.8,1.5
Kubachinian.HO,modern,16,Grey,Grey,0.8,1.5
Kumyk.HO,modern,16,Grey,Grey,0.8,1.5
Kurd.HO,modern,16,Grey,Grey,0.8,1.5
Kurd.WGA.HO,modern,16,Grey,Grey,0.8,1.5
Lak.HO,modern,16,Grey,Grey,0.8,1.5
lateXiongnu,lateXiongnu,18,Black,Black,1,2
lateXiongnu_han,lateXiongnu,18,Black,Black,1,2
lateXiongnu_sarmatian,lateXiongnu,18,Black,Black,1,2
Lezgin.DG,modern,16,Grey,Grey,0.8,1.5
Lezgin.HO,modern,16,Grey,Grey,0.8,1.5
Lithuanian.HO,modern,16,Grey,Grey,0.8,1.5
Maltese.HO,modern,16,Grey,Grey,0.8,1.5
Mansi.DG,modern,16,Grey,Grey,0.8,1.5
Mansi.HO,modern,16,Grey,Grey,0.8,1.5
Miao.DG,modern,16,Grey,Grey,0.8,1.5
Miao.HO,modern,16,Grey,Grey,0.8,1.5
Moldavian.HO,modern,16,Grey,Grey,0.8,1.5
Mongola.DG,modern,16,Grey,Grey,0.8,1.5
Mongola.HO,modern,16,Grey,Grey,0.8,1.5
Mongol.HO,modern,16,Grey,Grey,0.8,1.5
Mordovian.HO,modern,16,Grey,Grey,0.8,1.5
Nanai.HO,modern,16,Grey,Grey,0.8,1.5
Naxi.DG,modern,16,Grey,Grey,0.8,1.5
Naxi.HO,modern,16,Grey,Grey,0.8,1.5
Negidal.HO,modern,16,Grey,Grey,0.8,1.5
Nganasan.HO,modern,16,Grey,Grey,0.8,1.5
Nivh.HO,modern,16,Grey,Grey,0.8,1.5
Norwegian.DG,modern,16,Grey,Grey,0.8,1.5
Norwegian.HO,modern,16,Grey,Grey,0.8,1.5
Orcadian.DG,modern,16,Grey,Grey,0.8,1.5
Orcadian.HO,modern,16,Grey,Grey,0.8,1.5
Oroqen.DG,modern,16,Grey,Grey,0.8,1.5
Oroqen.HO,modern,16,Grey,Grey,0.8,1.5
Ossetian.HO,modern,16,Grey,Grey,0.8,1.5
Polish.DG,modern,16,Grey,Grey,0.8,1.5
Romanian.HO,modern,16,Grey,Grey,0.8,1.5
Russian_Archangelsk_Krasnoborsky.HO,modern,16,Grey,Grey,0.8,1.5
Russian_Archangelsk_Leshukonsky.HO,modern,16,Grey,Grey,0.8,1.5
Russian_Archangelsk_Pinezhsky.HO,modern,16,Grey,Grey,0.8,1.5
Russian.DG,modern,16,Grey,Grey,0.8,1.5
Russian.HO,modern,16,Grey,Grey,0.8,1.5
Saami.DG,modern,16,Grey,Grey,0.8,1.5
Saami.WGA.HO,modern,16,Grey,Grey,0.8,1.5
Sardinian.DG,modern,16,Grey,Grey,0.8,1.5
Sardinian.HO,modern,16,Grey,Grey,0.8,1.5
SBB001.A0101,SBB,21,red,black,1,2
SBB002.A0101,SBB,21,red,black,1,2
SBB003.A0101,SBB,21,red,black,1,2
SBB004.A0101,SBB,21,red,black,1,2
SBB005.A0101,SBB,21,red,black,1,2
SBB006.A0101,SBB,21,red,black,1,2
SBB007.A0101,SBB,21,red,black,1,2
SBB008.A0101,SBB,21,red,black,1,2
SBB009.A0101,SBB,21,red,black,1,2
SBB010.A0101,SBB,21,red,black,1,2
Scottish.HO,modern,16,Grey,Grey,0.8,1.5
Selkup.HO,modern,16,Grey,Grey,0.8,1.5
She.DG,modern,16,Grey,Grey,0.8,1.5
She.HO,modern,16,Grey,Grey,0.8,1.5
Sherpa.HO,modern,16,Grey,Grey,0.8,1.5
Shor_Khakassia.HO,modern,16,Grey,Grey,0.8,1.5
Shor_Mountain.HO,modern,16,Grey,Grey,0.8,1.5
Sicilian.HO,modern,16,Grey,Grey,0.8,1.5
Spanish.DG,modern,16,Grey,Grey,0.8,1.5
Spanish.HO,modern,16,Grey,Grey,0.8,1.5
Spanish_North.HO,modern,16,Grey,Grey,0.8,1.5
Tabasaran.HO,modern,16,Grey,Grey,0.8,1.5
Tajik.DG,modern,16,Grey,Grey,0.8,1.5
Tajik.HO,modern,16,Grey,Grey,0.8,1.5
Tajik.SG,modern,16,Grey,Grey,0.8,1.5
TAK001,TAK,22,yellow,black,1,2
TAK002.A0101,TAK,22,yellow,black,1,2
TAK003.A0101,TAK,22,yellow,black,1,2
TAK004.A0101,TAK,22,yellow,black,1,2
TAK005.A0101,TAK,22,yellow,black,1,2
TAK006.A0101,TAK,22,yellow,black,1,2
TAK008.A0101,TAK,22,yellow,black,1,2
TAK009.A0101,TAK,22,yellow,black,1,2
Tatar_Kazan.HO,modern,16,Grey,Grey,0.8,1.5
Tatar_Mishar.HO,modern,16,Grey,Grey,0.8,1.5
Tatar_Siberian.HO,modern,16,Grey,Grey,0.8,1.5
Tatar_Siberian_Zabolotniye.HO,modern,16,Grey,Grey,0.8,1.5
Thai.DG,modern,16,Grey,Grey,0.8,1.5
Thai.HO,modern,16,Grey,Grey,0.8,1.5
Tibetan.HO,modern,16,Grey,Grey,0.8,1.5
Todzin.HO,modern,16,Grey,Grey,0.8,1.5
Tofalar.HO,modern,16,Grey,Grey,0.8,1.5
Tubalar.DG,modern,16,Grey,Grey,0.8,1.5
Tubalar.HO,modern,16,Grey,Grey,0.8,1.5
Tu.DG,modern,16,Grey,Grey,0.8,1.5
Tu.HO,modern,16,Grey,Grey,0.8,1.5
Tujia.DG,modern,16,Grey,Grey,0.8,1.5
Tujia.HO,modern,16,Grey,Grey,0.8,1.5
Turkish_Balikesir.HO,modern,16,Grey,Grey,0.8,1.5
Turkish.DG,modern,16,Grey,Grey,0.8,1.5
Turkish.HO,modern,16,Grey,Grey,0.8,1.5
Turkmen.HO,modern,16,Grey,Grey,0.8,1.5
Turkmen.SG,modern,16,Grey,Grey,0.8,1.5
Tuvinian.HO,modern,16,Grey,Grey,0.8,1.5
Udmurt.HO,modern,16,Grey,Grey,0.8,1.5
Ukrainian.HO,modern,16,Grey,Grey,0.8,1.5
Ulchi.DG,modern,16,Grey,Grey,0.8,1.5
Ulchi.HO,modern,16,Grey,Grey,0.8,1.5
Uyghur.DG,modern,16,Grey,Grey,0.8,1.5
Uyghur.HO,modern,16,Grey,Grey,0.8,1.5
Uyghur.SG,modern,16,Grey,Grey,0.8,1.5
Uzbek.HO,modern,16,Grey,Grey,0.8,1.5
Uzbek.SG,modern,16,Grey,Grey,0.8,1.5
Veps.HO,modern,16,Grey,Grey,0.8,1.5
Xibo.DG,modern,16,Grey,Grey,0.8,1.5
Xibo.HO,modern,16,Grey,Grey,0.8,1.5
Yakut.DG,modern,16,Grey,Grey,0.8,1.5
Yakut.HO,modern,16,Grey,Grey,0.8,1.5
Yi.DG,modern,16,Grey,Grey,0.8,1.5
Yi.HO,modern,16,Grey,Grey,0.8,1.5
,,,,,, 