Analysis.Group.Label,N,Ancient,1240K dataset,HO dataset,PCA
Afanasievo,24,O,O,O,
Afanasievo_Mongolia,2,O,O,O,
AG2,1,O,O,O,
AG3,1,O,O,O,
Alalakh_MLBA,25,O,O,O,
Alan,5,O,O,O,
Altai_MLBA,6,O,O,O,
Anatolia_BA,3,O,O,O,
Anatolia_ChL,1,O,O,O,
Anatolia_N,23,O,O,O,
AR_EN,2,O,O,O,
AR_IA,1,O,O,O,
AR_Xianbei_IA,3,O,O,O,
Armenia_ChL,5,O,O,O,
Armenia_EBA,3,O,O,O,
Armenia_MBA,1,O,O,O,
Arslantepe_LC,17,O,O,O,
Baikal_EBA,23,O,O,O,
Baikal_EN,18,O,O,O,
Balkans_BronzeAge,12,O,O,O,
Balkans_Chalcolithic,14,O,O,O,
Balkans_IronAge,1,O,O,O,
Ban_Chiang,5,O,O,O,
Bell_Beaker_Germany,8,O,O,O,
Bianbian,1,O,O,O,
Boncuklu,5,O,O,O,
Boncuklu.SG,4,O,O,O,
Boshan,1,O,O,O,
Botai_pub,3,O,O,O,
Bustan_BA,10,O,O,O,
Bustan_EN,1,O,O,O,
BZK002,1,O,O,O,
CamlibelTarlasi_LC,9,O,O,O,
centralMongolia_preBA,1,O,O,O,
CentralSteppe_EMBA,2,O,O,O,
Chandman_IA,9,O,O,O,O
Chemurchek_northAlai,2,O,O,O,
Chemurchek_southAltai,2,O,O,O,
CHG,2,O,O,O,
Chokhopani.SG,1,O,O,O,
Chuanyun,1,O,O,O,
Clovis.SG,1,O,O,O,
Corded_Ware_Germany,12,O,O,O,
DevilsCave_N,4,O,O,O,
Dzharkutan1_BA,7,O,O,O,
earlyMed_Turk,7,O,O,O,
earlyMed_Uigur,12,O,O,O,
earlyXiongnu_rest,6,O,O,O,O
earlyXiongnu_west,6,O,O,O,O
eastMongolia_preBA,1,O,O,O,O
Ebla_EMBA,11,O,O,O,
EHG,4,O,O,O,
ElMiron,1,O,O,O,
Fofonovo_EN,4,O,O,O,
Geoksyur_EN,21,O,O,O,
Globular_Amphora,9,O,O,O,
Gonur1_BA,20,O,O,O,
Hajji_Firuz_C,6,O,O,O,
Han_2000BP,2,O,O,O,
HMMH_MN,1,O,O,O,
Hun_TianShan_1700BP,22,O,O,O,
Iberia_ChL,12,O,O,O,
Iberia_EN,4,O,O,O,
Iberia_MN,4,O,O,O,
Iran_ChL,5,O,O,O,
Iran_LN,1,O,O,O,
Iran_N,8,O,O,O,
Israel_C,19,O,O,O,
Jomon,3,O,O,O,
Jordan_EBA,3,O,O,O,
Kangju_1800BP,6,O,O,O,
Karakhanid_TianShan_1100BP,3,O,O,O,
Karasuk.SG,7,O,O,O,
Karluk_TianShan,2,O,O,O,
Kennewick_WA.SG,1,O,O,O,
Khovsgol,14,O,O,O,
Kimak_Kazakhstan_1350BP,1,O,O,O,
Kipchak,2,O,O,O,
Krasnoyarsk_MLBA,16,O,O,O,
LateDorset.SG,1,O,O,O,
lateMed_Khitan,3,O,O,O,
lateMed_Mongol,61,O,O,O,
lateXiongnu,25,O,O,O,O
lateXiongnu_han,8,O,O,O,O
lateXiongnu_sarmatian,13,O,O,O,O
LBK_EN,6,O,O,O,
Levant_N,12,O,O,O,
Liangdao1,1,O,O,O,
Liangdao2,1,O,O,O,
Loebanr_IA,33,O,O,O,
MA1,1,O,O,O,
Man_Bac,8,O,O,O,
McColl_SEA_GR1,2,O,O,O,
McColl_SEA_GR2,6,O,O,O,
McColl_SEA_GR3,5,O,O,O,
McColl_SEA_GR31,2,O,O,O,
McColl_SEA_GR4,4,O,O,O,
McColl_SEA_GR41,1,O,O,O,
McColl_SEA_GR5,2,O,O,O,
McColl_SEA_GR6,3,O,O,O,
Mebrak.SG,3,O,O,O,
Miaozigou_MN,3,O,O,O,
Minoan_Lasithi,5,O,O,O,
Minoan_Odigitria,5,O,O,O,
Mongolia_EIA_SlabGrave_1,11,O,O,O,O
Mongolia_LBA_Ulaanzukh_2,2,O,O,O,O
Mycenaean,4,O,O,O,
Natufian,6,O,O,O,
Nomad_Hun-Sarmatian,2,O,O,O,
Nomad_Kazakhstan_1700BP,2,O,O,O,
Nomad_Kazakhstan_IA,2,O,O,O,
Nomad_Kyrgyzstan_IA,2,O,O,O,
Nui_Nap,2,O,O,O,
Oakaie1,2,O,O,O,
Okunevo,16,O,O,O,
Parkhai_EBA,1,O,O,O,
Parkhai_EN,4,O,O,O,
Parkhai_LBA,1,O,O,O,
Parkhai_MBA,1,O,O,O,
Pinarbasi_HG,1,O,O,O,
Qihe,1,O,O,O,
RouRan_TL1,1,O,O,O,
Russia_Bolshoy,6,O,O,O,
Saka_Kazakhstan_2500BP,6,O,O,O,
Saka_TianShan_2150BP,10,O,O,O,
Samdzong.SG,4,O,O,O,
Sappali_Tepe_BA,13,O,O,O,
Saqqaq.SG,1,O,O,O,
Sarazm_EN,2,O,O,O,
Sarmatian,19,O,O,O,
Scythian_Hungary_2400BP,5,O,O,O,
Shahr_I_Sokhta_BA1,8,O,O,O,
SHG,6,O,O,O,
Shimao_LN,3,O,O,O,
Sintashta_MLBA,38,O,O,O,
Srubnaya,11,O,O,O,
Suogang,2,O,O,O,
Tagar,8,O,O,O,
Tanshishan,4,O,O,O,
TellKurdu_EC,5,O,O,O,
Tepe_Anau_EN,3,O,O,O,
Tepe_Hissar_C,12,O,O,O,
Tepecik.SG,5,O,O,O,
Tianyuan,1,O,O,O,
TransBaikal_N,5,O,O,O,
UKY,1,O,O,O,
Ulaanzuukh_SlabGrave,16,O,O,O,O
Upper_YR_IA,4,O,O,O,
Upper_YR_LN,7,O,O,O,
USR1,1,O,O,O,
Ust_Ishim,4,O,O,O,
UstIda_LN,1,O,O,O,
Varna,4,O,O,O,
Vat_Komnou,1,O,O,O,
Villabruna,1,O,O,O,
West_Siberia_N,3,O,O,O,
WHG,10,O,O,O,
WLR_BA,2,O,O,O,
WLR_BA_o,1,O,O,O,
WLR_LN,3,O,O,O,
WLR_MN,3,O,O,O,
Wusun_TianShan_2200BP,4,O,O,O,
Xiaogao,1,O,O,O,
Xiaojingshan,3,O,O,O,
Xitoucun,7,O,O,O,
Yakutia_LN,6,O,O,O,
Yakutia_UP,1,O,O,O,
Yamnaya_Samara,9,O,O,O,
YR_LBIA,6,O,O,O,
YR_LN,8,O,O,O,
YR_MN,8,O,O,O,
Yumin,1,O,O,O,
Abazin,10,,,O,O
Abkhasian,9,,,O,O
Adygei,31,,,O,O
Albanian,6,,,O,O
Aleut,7,,,O,O
Aleut_Tlingit,4,,,O,O
Altaian,24,,,O,O
Altaian_Chelkans,8,,,O,O
Ami,10,,,O,O
Armenian,10,,,O,O
Armenian_Hemsheni,8,,,O,O
Atayal,9,,,O,O
Avar,10,,,O,O
Azeri,17,,,O,O
Balkar,10,,,O,O
Bashkir,53,,,O,O
Basque,29,,,O,O
Belarusian,10,,,O,O
Besermyan,6,,,O,O
Borneo,9,,,O,O
Bulgarian,10,,,O,O
Buryat,37,,,O,O
Cambodian,8,,,O,O
Chechen,9,,,O,O
Chukchi,20,,,O,O
Chuvash,16,,,O,O
Circassian,9,,,O,O
Croatian,10,,,O,O
Cypriot,8,,,O,O
Czech,10,,,O,O
Dai,10,,,O,O
Darginian,8,,,O,O
Daur,9,,,O,O
Dolgan,4,,,O,O
Dungan,13,,,O,O
Enets,3,,,O,O
English,10,,,O,O
Eskimo_ChaplinSireniki,7,,,O,O
Eskimo_Naukan,12,,,O,O
Estonian,10,,,O,O
Even,9,,,O,O
Evenk_FarEast,5,,,O,O
Evenk_Transbaikal,8,,,O,O
Ezid,8,,,O,O
Finnish,8,,,O,O
French,61,,,O,O
Gagauz,9,,,O,O
Georgian,23,,,O,O
German,10,,,O,O
Greek,20,,,O,O
Han,43,,,O,O
Hezhen,8,,,O,O
Hungarian,20,,,O,O
Icelandic,12,,,O,O
Ingushian,10,,,O,O
Irish,24,,,O,O
Irish_Ulster,6,,,O,O
Italian_North,20,,,O,O
Italian_South,5,,,O,O
Itelmen,6,,,O,O
Japanese,29,,,O,O
Jew_Ashkenazi,7,,,O,O
Jew_Georgian,7,,,O,O
Kabardinian,10,,,O,O
Kaitag,8,,,O,O
Kalmyk,10,,,O,O
Karachai,12,,,O,O
Karakalpak,14,,,O,O
Karelian,15,,,O,O
Kazakh,18,,,O,O
Ket,22,,,O,O
Khakass,16,,,O,O
Khakass_Kachins,8,,,O,O
Khamnegan,10,,,O,O
Kinh,8,,,O,O
Korean,6,,,O,O
Koryak,9,,,O,O
Kubachinian,6,,,O,O
Kumyk,8,,,O,O
Kurd,8,,,O,O
Kyrgyz_Kyrgyzstan,9,,,O,O
Lahu,8,,,O,O
Lak,10,,,O,O
Lezgin,9,,,O,O
Lithuanian,10,,,O,O
Maltese,8,,,O,O
Mansi,8,,,O,O
Miao,10,,,O,O
Moldavian,10,,,O,O
Mongol,34,,,O,O
Mongola,6,,,O,O
Mordovian,32,,,O,O
Nanai,10,,,O,O
Naxi,9,,,O,O
Negidal,3,,,O,O
Nganasan,33,,,O,O
Nivh,10,,,O,O
Nogai_Astrakhan,25,,,O,O
Norwegian,11,,,O,O
Orcadian,13,,,O,O
Oroqen,9,,,O,O
Ossetian,16,,,O,O
Polish,23,,,O,O
Romanian,10,,,O,O
Russian,71,,,O,O
Russian_Archangelsk_Krasnoborsky,6,,,O,O
Russian_Archangelsk_Leshukonsky,5,,,O,O
Russian_Archangelsk_Pinezhsky,5,,,O,O
Saami,3,,,O,O
Sardinian,27,,,O,O
Scottish,33,,,O,O
Selkup,25,,,O,O
Semende,10,,,O,O
She,10,,,O,O
Sherpa,2,,,O,O
Shetlandic,10,,,O,O
Shor_Khakassia,6,,,O,O
Shor_Mountain,7,,,O,O
Sicilian,11,,,O,O
Sorb,9,,,O,O
Spanish,53,,,O,O
Spanish_North,5,,,O,O
Tabasaran,10,,,O,O
Tajik,31,,,O,O
Tatar_Kazan,13,,,O,O
Tatar_Mishar,10,,,O,O
Tatar_Siberian,19,,,O,O
Tatar_Siberian_Zabolotniye,5,,,O,O
Thai,10,,,O,O
Tibetan,2,,,O,O
Todzin,3,,,O,O
Tofalar,13,,,O,O
Tu,10,,,O,O
Tubalar,27,,,O,O
Tujia,10,,,O,O
Turkish,50,,,O,O
Turkish_Balikesir,5,,,O,O
Turkmen,7,,,O,O
Tuvinian,20,,,O,O
Udmurt,10,,,O,O
Ukrainian,21,,,O,O
Ulchi,25,,,O,O
Uyghur,10,,,O,O
Uzbek,27,,,O,O
Veps,10,,,O,O
Xibo,7,,,O,O
Yakut,20,,,O,O
Yi,10,,,O,O
Yukagir,19,,,O,O